prompt,response
What does it mean to have a mental illness?,"Having a mental illness implies experiencing cognitive, emotional, or behavioral disturbances affecting daily functioning and well-being."
Who does mental illness affect?,"Mental illness can affect individuals of any age, gender, ethnicity, or socioeconomic background indiscriminately."
What causes mental illness?,"Mental illness can stem from various factors including genetics, brain chemistry, environment, life experiences, and trauma."
What are some of the warning signs of mental illness?,"Some warning signs of mental illness include persistent mood changes, withdrawal from activities, changes in sleep or appetite, and difficulty concentrating or functioning."
Can people with mental illness recover?,"Yes, programs like patient assistance programs, Medicaid, or drug discount cards may help with prescription medication costs based on eligibility and specific circumstances."
What should I do if I know someone who appears to have the symptoms of a mental disorder?,"If you know someone showing symptoms of a mental disorder, consider having an open conversation, expressing concern, and suggesting professional help or support resources."
How can I find a mental health professional for myself or my child?,"Seek mental health professionals via online directories, healthcare providers, referrals, or community mental health centers for support."
What treatment options are available?,"Treatment options for mental illness include therapy, medications, support groups, lifestyle changes, and in severe cases, hospitalization or brain stimulation therapies."
"If I become involved in treatment, what do I need to know?","When involved in treatment, understanding goals, treatment plans, medications, support options, and actively participating aids in effective mental health care."
How can I maintain social connections? What if I feel lonely?,"Maintain social connections by reaching out to friends, joining clubs/groups, volunteering, or seeking professional help if feeling persistently lonely."
How can I take care of my physical health?,"Taking care of physical health involves regular exercise, balanced nutrition, sufficient sleep, regular check-ups, and managing stress effectively."
How can I use distraction to manage difficult thoughts or feelings?,"Distraction techniques include engaging in hobbies, exercise, reading, listening to music, or mindfulness practices to redirect focus from difficult thoughts or feelings."
How can I reframe the situation and find more balanced perspectives?,"Challenge negative thoughts, seek different viewpoints, find positives, use affirmations, and seek support for balanced perspectives."
How can I challenge thinking traps?,"Challenging thinking traps involves recognizing and questioning negative or irrational thoughts, considering alternative perspectives, and gathering evidence to challenge and reframe those thoughts realistically. "
How can I manage grief?,"
Managing grief involves allowing oneself to experience emotions, seeking support from loved ones or professionals, engaging in self-care, and giving oneself time to heal. Techniques like therapy, support groups, and journaling can also help in coping with grief."
"How can I find a doctor, psychiatrist, psychologist, or counsellor?","You can find doctors, psychiatrists, psychologists, or counsellors by asking for referrals from your primary care physician, checking your insurance provider's directory, using online directories, or contacting local mental health clinics or hospitals. "
How can I see a psychiatrist?,"
To see a psychiatrist, you can get a referral from a primary care doctor, seek recommendations, contact mental health clinics, or use online directories to schedule an appointment directly."
How can I see a psychologist?,"
To see a psychologist, seek referrals from a primary care provider, check with insurance for coverage, or directly contact psychologists' offices for appointments or consultations."
How can I see a counsellor?,"To see a counselor, contact local mental health clinics, hospitals, private practices, or use online directories to find and schedule appointments with counselors or therapists."
How can I find a support group?,"To find a support group, explore online resources, community centers, hospitals, or mental health organizations that offer support groups related to your specific needs or condition."
difference between psychologist and psychiatrist?,"Psychologists hold a doctoral degree (Ph.D. or Psy.D.) and provide talk therapy, assessments, and counseling. Psychiatrists are medical doctors (M.D. or D.O.) who can prescribe medication and offer talk therapy."
Can lifestyle changes positively impact mental health?,"Yes, lifestyle can have a positive impact on any individual's mental health."
Can mindfulness practices reduce stress and anxiety?,"Yes, mindfulness helps to reduce stress and anxiety."
Is mental health stigma decreasing in society?,"Progress varies, but efforts in education and awareness suggest a gradual decrease in mental health stigma within society."
Is mental health treatment always expensive?,"
Mental health treatment cost varies; some options are affordable, including community clinics, support groups, and certain insurance-covered therapies."
Does everyone with a mental health condition require medication?,"Not everyone with a mental health condition needs medication; treatment plans often include therapy, lifestyle changes, or a combination of approaches."
Is mental health always solely determined by genetics?,"
Mental health is influenced by a combination of genetics, environment, life experiences, and other factors, not solely by genetics."
Can therapy alone treat all mental health issues effectively?,"Therapy helps, but multifaceted approaches often work best."
Are mental health conditions always apparent from outward signs?,Not always; many struggle invisibly without evident symptoms.
When is substance use a problem? Where can I go for help?,"
Substance use becomes problematic when affecting daily life. Seek help from local clinics, support groups, or mental health professionals."
Where can I find free or low-cost counselling?,"You can access free or low-cost counseling through community health centers, local universities, nonprofits, or online mental health platforms offering sliding-scale fees."
Can I get help paying for prescription medications?,"Yes, programs like patient assistance programs, Medicaid, or drug discount cards may help with prescription medication costs based on eligibility and specific circumstances."
How can I pay for mental health care?,"Mental health care can be paid for through insurance coverage, Medicaid/Medicare, sliding-scale fees, employer assistance programs, or seeking low-cost clinics and community services."
How do I apply for income assistance?,"To apply for income assistance, visit your local government's social services department or website, fill out an application, and provide required documentation."
